{"stats":{"minecraft:picked_up":{"minecraft:stick":1,"minecraft:crafting_table":1,"minecraft:sand":6,"minecraft:oak_log":34,"minecraft:lily_pad":4,"minecraft:dirt":5,"minecraft:beef":2,"minecraft:oak_boat":1,"minecraft:oak_sapling":1,"minecraft:cobblestone":14},"minecraft:crafted":{"minecraft:oak_boat":1,"minecraft:oak_planks":20,"minecraft:crafting_table":1,"minecraft:stick":8,"minecraft:wooden_pickaxe":1,"minecraft:stone_pickaxe":1,"minecraft:stone_axe":1},"minecraft:dropped":{"minecraft:lily_pad":4},"minecraft:used":{"minecraft:stone_pickaxe":3,"minecraft:wooden_pickaxe":11,"minecraft:stone_axe":46,"minecraft:crafting_table":1,"minecraft:oak_boat":1},"minecraft:mined":{"minecraft:crafting_table":1,"minecraft:grass_block":1,"minecraft:oak_log":34,"minecraft:dirt":4,"minecraft:sand":6,"minecraft:stone":14,"minecraft:oak_leaves":7},"minecraft:killed":{"minecraft:zombie":1,"minecraft:cow":1},"minecraft:custom":{"minecraft:time_since_rest":15944,"minecraft:sprint_one_cm":26940,"minecraft:damage_taken":1415,"minecraft:walk_one_cm":30304,"minecraft:mob_kills":2,"minecraft:drop":4,"minecraft:damage_dealt":304,"minecraft:swim_one_cm":12993,"minecraft:interact_with_crafting_table":3,"minecraft:fly_one_cm":45485,"minecraft:open_chest":1,"minecraft:crouch_one_cm":663,"minecraft:play_one_minute":47663,"minecraft:deaths":5,"minecraft:sneak_time":147,"minecraft:walk_under_water_one_cm":25994,"minecraft:boat_one_cm":166060,"minecraft:jump":237,"minecraft:leave_game":7,"minecraft:walk_on_water_one_cm":5266,"minecraft:time_since_death":15872,"minecraft:fall_one_cm":5552},"minecraft:killed_by":{"minecraft:skeleton":1,"minecraft:zombie":2}},"DataVersion":2586}