{"stats":{"minecraft:used":{"minecraft:dirt":3},"minecraft:mined":{"minecraft:grass":6,"minecraft:grass_block":3},"minecraft:custom":{"minecraft:jump":30,"minecraft:time_since_rest":1264,"minecraft:leave_game":1,"minecraft:sprint_one_cm":3139,"minecraft:play_time":1264,"minecraft:time_since_death":1264,"minecraft:walk_one_cm":3178,"minecraft:total_world_time":1264,"minecraft:drop":1,"minecraft:fall_one_cm":836,"minecraft:fly_one_cm":8433},"minecraft:picked_up":{"minecraft:wheat_seeds":1,"minecraft:dirt":3},"minecraft:dropped":{"minecraft:wheat_seeds":1}},"DataVersion":3465}