{
  "dead_guys_untitled_deep_dark_:deep_dark": {
    "criteria": {
      "deep_dark": "2024-05-23 10:38:28 +0000"
    },
    "done": true
  },
  "minecraft:recipes/tools/flint_and_steel": {
    "criteria": {
      "has_obsidian": "2024-05-23 10:40:51 +0000"
    },
    "done": true
  },
  "betterendforge:recipes/betterendforge/infusion_pedestal": {
    "criteria": {
      "has_obsidian": "2024-05-23 10:40:51 +0000"
    },
    "done": true
  },
  "minecraft:nether/root": {
    "criteria": {
      "entered_nether": "2024-05-23 10:41:39 +0000"
    },
    "done": true
  },
  "cataclysm:root": {
    "criteria": {
      "custom_test_name": "2024-05-23 10:38:28 +0000"
    },
    "done": true
  },
  "minecraft:story/form_obsidian": {
    "criteria": {
      "obsidian": "2024-05-23 10:40:51 +0000"
    },
    "done": true
  },
  "minecraft:recipes/decorations/enchanting_table": {
    "criteria": {
      "has_obsidian": "2024-05-23 10:40:51 +0000"
    },
    "done": true
  },
  "minecraft:story/enter_the_nether": {
    "criteria": {
      "entered_nether": "2024-05-23 10:41:39 +0000"
    },
    "done": true
  },
  "minecraft:adventure/adventuring_time": {
    "criteria": {
      "minecraft:forest": "2024-05-23 10:38:28 +0000",
      "minecraft:mountains": "2024-05-23 10:46:43 +0000",
      "minecraft:taiga": "2024-05-23 10:47:56 +0000",
      "minecraft:birch_forest": "2024-05-23 10:49:00 +0000",
      "minecraft:dark_forest": "2024-05-23 10:47:46 +0000",
      "minecraft:river": "2024-05-23 10:39:40 +0000",
      "minecraft:plains": "2024-05-23 10:39:41 +0000"
    },
    "done": false
  },
  "minecraft:nether/explore_nether": {
    "criteria": {
      "minecraft:crimson_forest": "2024-05-23 10:41:52 +0000",
      "minecraft:nether_wastes": "2024-05-23 10:42:03 +0000",
      "minecraft:soul_sand_valley": "2024-05-23 10:42:14 +0000"
    },
    "done": false
  },
  "DataVersion": 2586
}